video,start_frame,end_frame,gt_action,gt_object
pose1,0,93,walk,none
pose1,94,279,walk,rock
pose1,280,381,other,rock
pose2,0,122,other,none
pose2,123,192,walk,rock
pose2,193,241,stand,rock
pose2,242,279,walk,rock
pose2,280,318,stand,rock
pose2,319,352,walk,rock
pose2,353,435,stand,rock
pose2,436,548,walk,rock
pose2,549,569,walk,none
pose3,0,23,other,grass
pose3,24,132,stand,grass
pose3,133,528,walk,grass
pose3,529,1450,stand,grass
pose3,1451,1572,walk,grass
pose3,1573,1806,stand,grass
pose3,1807,2380,walk,grass
pose3,2381,3011,walk,rock
pose3,3012,3057,sit,rock
pose4,0,73,walk,grass
pose4,74,168,walk,rock
pose4,169,391,stand,rock
pose4,392,538,walk,rock
pose4,539,557,stand,rock
pose5,0,493,walk,grass
Pose6,0,36,other,wood
Pose6,37,195,walk,wood
Pose6,196,322,sit,wood
Pose7,0,25,sit,wood
Pose7,26,98,other,wood
Pose7,99,226,walk,wood
Pose7,227,297,sit,wood
Pose8,0,205,walk,wood
Pose8,206,375,other,none
Pose9,0,254,walk,wood
Pose9,255,379,sit,wood
Pose10,0,219,walk,wood
Pose10,220,332,sit,wood
Pose11,0,168,walk,grass
Pose12,0,60,walk,rock
Pose12,61,99,stand,rock
Pose12,100,192,walk,rock
Pose12,193,242,other,none
Pose12,243,293,sit,none
Pose13,0,170,walk,rock
Pose13,171,405,sit,rock
Pose14,0,41,walk,grass
Pose14,42,140,stand,grass
Pose14,141,226,walk,grass
Pose15,0,38,walk,grass
Pose15,39,82,walk,none
Pose16,0,37,walk,none
Pose16,38,52,other,wood
Pose16,53,120,walk,wood
Pose16,121,199,sit,wood
Pose17,0,111,walk,grass
Pose17,112,143,walk,none
Pose18,0,161,walk,rock
Pose18,162,272,stand,rock
Pose18,273,424,walk,rock
Pose18,425,700,stand,rock
Pose18,701,817,walk,rock
Pose19,0,92,walk,wood
Pose19,93,117,stand,wood
Pose19,118,176,walk,wood
Pose19,177,332,sit,wood
Pose20,0,19,walk,wood
Pose20,20,189,walk,rock
Pose21,0,107,walk,rock
Pose21,108,168,sit,rock
Pose22,0,32,stand,grass
Pose22,33,362,walk,grass
Pose23,0,294,other,none
Pose23,295,339,stand,wood
Pose24,0,56,walk,rock
Pose24,57,101,walk,none
Pose24,102,245,walk,wood
Pose24,246,292,walk,none
Pose24,293,466,walk,wood
Pose24,467,606,other,none
Pose25,0,5,sit,wood
Pose25,6,236,walk,wood
Pose25,237,299,sit,wood
